{"cameraMode":{"drawMode":0,"name":"Shaded","section":"Shading Mode"},"sceneLighting":true,"audioPlay":false,"sceneViewState":{"m_AlwaysRefresh":false,"showFog":true,"showSkybox":true,"showFlares":true,"showImageEffects":true,"showParticleSystems":true,"showVisualEffectGraphs":true,"m_FxEnabled":true},"in2DMode":false,"pivot":{"x":40.71849060058594,"y":-118.1807861328125,"z":195.65382385253907},"rotation":{"x":0.28363358974456789,"y":0.0675327330827713,"z":-0.020024918019771577,"w":0.9563697576522827},"size":139.13699340820313,"orthographic":false}